IPK,Jumlah_Absensi,Waktu_Belajar_Jam,Rasio_Absensi,IPK_x_Study
3.5,2,11,0.1428571428571428,38.5
2.2,11,3,0.7857142857142857,6.6000000000000005
2.4,9,3,0.6428571428571429,7.199999999999999
3.7,3,10,0.2142857142857142,37.0
3.9,1,14,0.0714285714285714,54.6
