IPK,Jumlah_Absensi,Waktu_Belajar_Jam,Rasio_Absensi,IPK_x_Study
3.1,5,7,0.3571428571428571,21.7
2.4,8,3,0.5714285714285714,7.199999999999999
2.9,8,4,0.5714285714285714,11.6
3.5,4,9,0.2857142857142857,31.5
